rate,loc,group,stage
16,1,1,1
16.6,1,1,1
18.2,1,1,1
11.8,1,1,1
33.4,1,1,1
16,1,1,1
36.2857142857143,1,1,1
20.2857142857143,1,1,1
25.7142857142857,1,1,1
7.42857142857143,1,1,1
14.4444444444444,1,1,1
9.11111111111111,1,1,1
39.4,1,1,1
24.8,1,1,1
8.8,1,1,1
15.6,1,1,1
20.2,1,1,1
36.8,1,1,1
19.2,1,1,1
24.2,1,1,1
29.5,1,1,1
25.75,1,1,1
15.25,1,1,1
11.3333333333333,1,1,1
17.7777777777778,1,1,1
8.44444444444444,1,1,1
20.4444444444444,1,1,1
25.5555555555556,1,1,1
11.4,1,1,1
14.4,1,1,1
15.5555555555556,1,1,1
21.6,1,1,1
5.6,1,1,1
19,1,1,1
31,1,1,1
36,1,1,1
41,1,1,1
23.4,1,1,1
14.8,1,1,1
8,1,1,1
29.2,1,1,1
22.2,1,1,1
40.8,1,1,1
9.6,1,1,1
15.4,1,1,1
23,1,1,1
11.2,1,1,1
33.5,1,1,1
8,1,1,1
6.4,1,1,1
22.2222222222222,1,1,1
50.25,1,1,1
32.5,1,1,1
6,1,1,1
12.8,1,1,1
8.8,1,1,1
30.2,1,1,1
4.8,1,1,1
34,1,1,1
11.8,1,1,1
21.4,1,1,1
6.6,1,1,1
5.8,1,1,1
22,1,1,1
19.8,1,1,1
27,1,1,1
29,1,1,1
26.4,1,1,1
12,1,1,1
25,1,1,1
17.2,1,1,1
49,1,1,1
7,1,1,1
39.6,1,1,1
26.6,1,1,1
19.6,1,1,1
13.2,1,1,1
18.2,1,1,1
15.2,1,1,1
25.4,1,1,1
10.4,1,1,1
47,1,1,1
25,1,1,1
39.8,1,1,1
13.6,1,1,1
8.4,1,1,1
40,1,1,1
30,1,1,1
36.6666666666667,1,1,1
14.6666666666667,1,1,1
40.3333333333333,1,1,1
43,1,1,1
21.5,1,1,1
39,1,1,1
19.2,1,1,1
6,1,1,1
19.6,1,1,1
33.8,1,1,1
16.2,1,1,1
8,1,1,1
19.4,1,1,1
12.8,1,1,1
8.25,1,1,1
11,1,1,1
7,1,1,1
42.6,1,1,1
21.8,1,1,1
24.2,1,1,1
7,1,1,1
2.4,1,1,1
11,1,1,1
25,1,1,1
13.8,1,1,1
22.2,1,1,1
7.8,1,1,1
80.2,1,1,1
12.8,1,1,1
37.8,1,1,1
41.2,1,1,1
9.4,1,1,1
14.4,1,1,1
11.2,1,1,1
23,1,1,1
42.8,1,1,1
18,1,1,1
19.4285714285714,1,1,1
12.25,1,1,1
13,1,1,1
28,1,1,1
21.6,1,1,1
12.2,1,1,1
21.2,1,1,1
28.4444444444444,1,1,1
9.55555555555556,1,1,1
14.2222222222222,1,1,1
7.33333333333333,1,1,1
13.1111111111111,1,1,1
8.88888888888889,1,1,1
26.6,1,1,1
13.4,1,1,1
21.6,1,1,1
18.8,1,1,1
47.6,1,1,1
11.4,1,1,1
32,1,1,1
8.6,1,1,1
7.4,1,1,1
19.4,1,1,1
27.8,1,1,1
17,1,1,1
5.2,1,1,1
9,1,1,1
10.4,1,1,1
9.25,1,1,1
13,1,1,1
19,1,1,1
28.2,1,1,1
26.2,1,1,1
24,1,1,1
14.2,1,1,1
9.8,1,1,1
16.6,1,1,1
70,1,1,1
12.4444444444444,1,1,1
28.6,1,1,1
45.8,1,1,1
12.4,1,1,1
29.6,1,1,1
6.8,1,1,1
5.6,1,1,1
29,1,1,1
57.8,1,1,1
15.2,1,1,1
36,1,1,1
10,2,1,1
13,2,1,1
11.4,2,1,1
8.8,2,1,1
15.4,2,1,1
11.6,2,1,1
14.5714285714286,2,1,1
15.1428571428571,2,1,1
24.8571428571429,2,1,1
4.85714285714286,2,1,1
11.3333333333333,2,1,1
4.22222222222222,2,1,1
24.4,2,1,1
16.4,2,1,1
4.4,2,1,1
13.6,2,1,1
17.2,2,1,1
9.6,2,1,1
10.4,2,1,1
18.4,2,1,1
11.75,2,1,1
25.5,2,1,1
6,2,1,1
8.44444444444444,2,1,1
9.11111111111111,2,1,1
5.55555555555556,2,1,1
19.1111111111111,2,1,1
19.7777777777778,2,1,1
5.4,2,1,1
13.6,2,1,1
12.4444444444444,2,1,1
8.2,2,1,1
1,2,1,1
4.6,2,1,1
9.2,2,1,1
23.5,2,1,1
24.5,2,1,1
16.4,2,1,1
13.2,2,1,1
1.2,2,1,1
7.4,2,1,1
12,2,1,1
33,2,1,1
6.4,2,1,1
9,2,1,1
7.2,2,1,1
5.8,2,1,1
30,2,1,1
1.6,2,1,1
6.4,2,1,1
14.2222222222222,2,1,1
18.25,2,1,1
16,2,1,1
1.5,2,1,1
11.4,2,1,1
5,2,1,1
22.2,2,1,1
3.6,2,1,1
24.8,2,1,1
2.8,2,1,1
7.8,2,1,1
2.2,2,1,1
1.6,2,1,1
13.8,2,1,1
9.8,2,1,1
18.4444444444444,2,1,1
6.88888888888889,2,1,1
10.6666666666667,2,1,1
2.88888888888889,2,1,1
14.4,2,1,1
12.2,2,1,1
23.2,2,1,1
5.4,2,1,1
23.6,2,1,1
25.6,2,1,1
18.4,2,1,1
9.4,2,1,1
14.8,2,1,1
11,2,1,1
22.6,2,1,1
8.8,2,1,1
28.8,2,1,1
14.4,2,1,1
28.2,2,1,1
6.6,2,1,1
2.2,2,1,1
39.6666666666667,2,1,1
8.33333333333333,2,1,1
27.6666666666667,2,1,1
13,2,1,1
36,2,1,1
21,2,1,1
10.5,2,1,1
38,2,1,1
8.2,2,1,1
4.8,2,1,1
8.4,2,1,1
17.2,2,1,1
6.6,2,1,1
0.2,2,1,1
19.4,2,1,1
10.6,2,1,1
2.75,2,1,1
6.66666666666667,2,1,1
4.6,2,1,1
35,2,1,1
18.8,2,1,1
16.2,2,1,1
1.8,2,1,1
1,2,1,1
4.6,2,1,1
12.2,2,1,1
11,2,1,1
21.4,2,1,1
0.2,2,1,1
36.2,2,1,1
12.8,2,1,1
26.8,2,1,1
6.8,2,1,1
1.2,2,1,1
4.2,2,1,1
7.4,2,1,1
12.4,2,1,1
34.4,2,1,1
8,2,1,1
13.4285714285714,2,1,1
4.75,2,1,1
4.75,2,1,1
18.5,2,1,1
13.6,2,1,1
11.8,2,1,1
13.2,2,1,1
12.6666666666667,2,1,1
5.11111111111111,2,1,1
12.2222222222222,2,1,1
3.33333333333333,2,1,1
8.88888888888889,2,1,1
7.77777777777778,2,1,1
12.4,2,1,1
10.4,2,1,1
13.6,2,1,1
3.2,2,1,1
30,2,1,1
2.4,2,1,1
20.4,2,1,1
1.8,2,1,1
2.4,2,1,1
4.8,2,1,1
9.4,2,1,1
7,2,1,1
2.4,2,1,1
6.2,2,1,1
4.6,2,1,1
4.5,2,1,1
4,2,1,1
13,2,1,1
16.2,2,1,1
18,2,1,1
22.2,2,1,1
11.8,2,1,1
7.8,2,1,1
14.8,2,1,1
49.5555555555556,2,1,1
5.77777777777778,2,1,1
15,2,1,1
25,2,1,1
2.4,2,1,1
14.8,2,1,1
5.8,2,1,1
2.6,2,1,1
21.8,2,1,1
49.6,2,1,1
8,2,1,1
29.8,2,1,1
7.8,3,1,1
9.8,3,1,1
13.4,3,1,1
11.8,3,1,1
13.2,3,1,1
7.6,3,1,1
14.5714285714286,3,1,1
12.5714285714286,3,1,1
18.2857142857143,3,1,1
6.85714285714286,3,1,1
9.55555555555556,3,1,1
6.88888888888889,3,1,1
21,3,1,1
10.4,3,1,1
3.6,3,1,1
14.6,3,1,1
14,3,1,1
3,3,1,1
2.6,3,1,1
6.8,3,1,1
9.25,3,1,1
5.75,3,1,1
1,3,1,1
6.44444444444444,3,1,1
9.77777777777778,3,1,1
3.11111111111111,3,1,1
13.7777777777778,3,1,1
13.7777777777778,3,1,1
6.6,3,1,1
10.8,3,1,1
8.66666666666667,3,1,1
2.8,3,1,1
0.8,3,1,1
2.2,3,1,1
5.6,3,1,1
12.75,3,1,1
29,3,1,1
11.8,3,1,1
6.6,3,1,1
1.2,3,1,1
5.6,3,1,1
6.2,3,1,1
25.6,3,1,1
1.2,3,1,1
5,3,1,1
8.2,3,1,1
6,3,1,1
19.75,3,1,1
2,3,1,1
5.2,3,1,1
13.7777777777778,3,1,1
25,3,1,1
13.75,3,1,1
2.5,3,1,1
4.8,3,1,1
1.8,3,1,1
7.6,3,1,1
3.2,3,1,1
7.2,3,1,1
4,3,1,1
7.2,3,1,1
0.8,3,1,1
2.2,3,1,1
11.1111111111111,3,1,1
5.77777777777778,3,1,1
14.2,3,1,1
5.4,3,1,1
7,3,1,1
0.8,3,1,1
9.6,3,1,1
10.4,3,1,1
23.4,3,1,1
1.6,3,1,1
29.4,3,1,1
11.4,3,1,1
19.2,3,1,1
8.8,3,1,1
10.2,3,1,1
8.6,3,1,1
15.8,3,1,1
4.8,3,1,1
26.6,3,1,1
17.2,3,1,1
27.6,3,1,1
5.6,3,1,1
2.8,3,1,1
20.6666666666667,3,1,1
8.66666666666667,3,1,1
16.3333333333333,3,1,1
10.6666666666667,3,1,1
30,3,1,1
21,3,1,1
11,3,1,1
34.75,3,1,1
15,3,1,1
5.6,3,1,1
11.2,3,1,1
13,3,1,1
5.6,3,1,1
0,3,1,1
9,3,1,1
3.8,3,1,1
2.75,3,1,1
8.66666666666667,3,1,1
1,3,1,1
26,3,1,1
15,3,1,1
10,3,1,1
0,3,1,1
0.8,3,1,1
3.4,3,1,1
9.2,3,1,1
8.4,3,1,1
9.6,3,1,1
1.2,3,1,1
14.4,3,1,1
7.2,3,1,1
14,3,1,1
4.4,3,1,1
0,3,1,1
2.4,3,1,1
3.6,3,1,1
7.2,3,1,1
25.4,3,1,1
5.71428571428571,3,1,1
9.71428571428571,3,1,1
1.75,3,1,1
3.75,3,1,1
14,3,1,1
17.8,3,1,1
5,3,1,1
10.8,3,1,1
5.55555555555556,3,1,1
4.22222222222222,3,1,1
8.44444444444444,3,1,1
5.33333333333333,3,1,1
11.5555555555556,3,1,1
5.55555555555556,3,1,1
12.4,3,1,1
7.4,3,1,1
10.2,3,1,1
2,3,1,1
7,3,1,1
1,3,1,1
8.6,3,1,1
2.2,3,1,1
4.2,3,1,1
2.4,3,1,1
5.4,3,1,1
4.6,3,1,1
2.6,3,1,1
5.2,3,1,1
6.4,3,1,1
6.5,3,1,1
9,3,1,1
16,3,1,1
9.8,3,1,1
8.2,3,1,1
10.4,3,1,1
5,3,1,1
6.4,3,1,1
7.8,3,1,1
49.7777777777778,3,1,1
6.66666666666667,3,1,1
4.4,3,1,1
13,3,1,1
0.8,3,1,1
14.6,3,1,1
5,3,1,1
0.8,3,1,1
18,3,1,1
42.6,3,1,1
5.2,3,1,1
32.4,3,1,1
12.2,4,1,1
11.2,4,1,1
17.4,4,1,1
9,4,1,1
13,4,1,1
5.6,4,1,1
14.5714285714286,4,1,1
10.5714285714286,4,1,1
15.4285714285714,4,1,1
4,4,1,1
12.8888888888889,4,1,1
5.55555555555556,4,1,1
27.6,4,1,1
13.4,4,1,1
2.4,4,1,1
15,4,1,1
17.2,4,1,1
5.4,4,1,1
7,4,1,1
14.6,4,1,1
7.75,4,1,1
5.5,4,1,1
1,4,1,1
3.55555555555556,4,1,1
8.88888888888889,4,1,1
5.11111111111111,4,1,1
10,4,1,1
17.5555555555556,4,1,1
9.2,4,1,1
11.2,4,1,1
9.55555555555556,4,1,1
1.2,4,1,1
0.6,4,1,1
2.6,4,1,1
11,4,1,1
21.25,4,1,1
24.5,4,1,1
16.6,4,1,1
3,4,1,1
0.8,4,1,1
3.4,4,1,1
4.8,4,1,1
28.6,4,1,1
0.2,4,1,1
8.6,4,1,1
6,4,1,1
9,4,1,1
13.25,4,1,1
1.2,4,1,1
4.4,4,1,1
14,4,1,1
25,4,1,1
14.75,4,1,1
3.5,4,1,1
5,4,1,1
2.8,4,1,1
8.4,4,1,1
3.4,4,1,1
6,4,1,1
5.4,4,1,1
7.4,4,1,1
0,4,1,1
2.6,4,1,1
8,4,1,1
8.57142857142857,4,1,1
11.4,4,1,1
16.4,4,1,1
12.8,4,1,1
4.4,4,1,1
14.2,4,1,1
15,4,1,1
28,4,1,1
1.8,4,1,1
25.8,4,1,1
21.2,4,1,1
19,4,1,1
5.8,4,1,1
9.6,4,1,1
8.8,4,1,1
11.8,4,1,1
3.6,4,1,1
17.4,4,1,1
10.2,4,1,1
25.4,4,1,1
4,4,1,1
1,4,1,1
16.3333333333333,4,1,1
10.6666666666667,4,1,1
17.3333333333333,4,1,1
10.3333333333333,4,1,1
27,4,1,1
25.5,4,1,1
8.75,4,1,1
37,4,1,1
4,4,1,1
3.6,4,1,1
10.4,4,1,1
7.8,4,1,1
2.2,4,1,1
0,4,1,1
9.4,4,1,1
5.4,4,1,1
6,4,1,1
7.33333333333333,4,1,1
0.6,4,1,1
27.8,4,1,1
4.6,4,1,1
6.2,4,1,1
0.4,4,1,1
0.8,4,1,1
4.4,4,1,1
11.8,4,1,1
13.8,4,1,1
10.6,4,1,1
1,4,1,1
19.2,4,1,1
6.8,4,1,1
19.4,4,1,1
8.4,4,1,1
1.4,4,1,1
3,4,1,1
3.8,4,1,1
9.8,4,1,1
25.2,4,1,1
5.71428571428571,4,1,1
5.66666666666667,4,1,1
3.75,4,1,1
5,4,1,1
18.5,4,1,1
17.2,4,1,1
7.6,4,1,1
15.2,4,1,1
5.33333333333333,4,1,1
4.88888888888889,4,1,1
7.11111111111111,4,1,1
5.55555555555556,4,1,1
10.2222222222222,4,1,1
6,4,1,1
15.2,4,1,1
6.2,4,1,1
12,4,1,1
2.4,4,1,1
11,4,1,1
1.6,4,1,1
12.6,4,1,1
2.8,4,1,1
2.4,4,1,1
4.4,4,1,1
9.4,4,1,1
5.8,4,1,1
3,4,1,1
7.2,4,1,1
2.6,4,1,1
2.75,4,1,1
9,4,1,1
6.5,4,1,1
8.8,4,1,1
7,4,1,1
9.2,4,1,1
10.8,4,1,1
3.6,4,1,1
7.8,4,1,1
50.8888888888889,4,1,1
8,4,1,1
5.2,4,1,1
8,4,1,1
2.2,4,1,1
10.6,4,1,1
3.4,4,1,1
0.6,4,1,1
17.4,4,1,1
34.2,4,1,1
5.2,4,1,1
26,4,1,1
10,5,1,1
7.2,5,1,1
14.4,5,1,1
7.4,5,1,1
21,5,1,1
13.4,5,1,1
15.7142857142857,5,1,1
12.2857142857143,5,1,1
20.8571428571429,5,1,1
4.85714285714286,5,1,1
11.1111111111111,5,1,1
4.88888888888889,5,1,1
22.6,5,1,1
16.8,5,1,1
1.8,5,1,1
8.4,5,1,1
16.2,5,1,1
4.2,5,1,1
2.4,5,1,1
7.6,5,1,1
10.5,5,1,1
8,5,1,1
2.75,5,1,1
6.88888888888889,5,1,1
5.33333333333333,5,1,1
2.88888888888889,5,1,1
9.77777777777778,5,1,1
12,5,1,1
7.4,5,1,1
8.6,5,1,1
12.4444444444444,5,1,1
0.6,5,1,1
0.2,5,1,1
4.2,5,1,1
8,5,1,1
27,5,1,1
26.75,5,1,1
15,5,1,1
5.6,5,1,1
1.2,5,1,1
7.2,5,1,1
9.4,5,1,1
30,5,1,1
3.4,5,1,1
7.4,5,1,1
5.8,5,1,1
11.2,5,1,1
23,5,1,1
2.4,5,1,1
4.4,5,1,1
21.1111111111111,5,1,1
30.75,5,1,1
18.25,5,1,1
3.5,5,1,1
6,5,1,1
1.8,5,1,1
7.4,5,1,1
2.8,5,1,1
7.2,5,1,1
7.6,5,1,1
8.6,5,1,1
0.2,5,1,1
2.8,5,1,1
9.6,5,1,1
8.6,5,1,1
9.33333333333333,5,1,1
8.44444444444444,5,1,1
7.55555555555556,5,1,1
0.444444444444444,5,1,1
21,5,1,1
16.8,5,1,1
29.2,5,1,1
6.8,5,1,1
28.4,5,1,1
20.4,5,1,1
13.2,5,1,1
6.4,5,1,1
7.6,5,1,1
8.6,5,1,1
11.2,5,1,1
4.8,5,1,1
22.8,5,1,1
15.6,5,1,1
26,5,1,1
6,5,1,1
1.6,5,1,1
10.3333333333333,5,1,1
8,5,1,1
20,5,1,1
9.33333333333333,5,1,1
25.6666666666667,5,1,1
33.75,5,1,1
13.5,5,1,1
34.25,5,1,1
4.2,5,1,1
2,5,1,1
8.2,5,1,1
9.4,5,1,1
6.4,5,1,1
0,5,1,1
9,5,1,1
5.4,5,1,1
4.25,5,1,1
7,5,1,1
1.8,5,1,1
35.6,5,1,1
8.8,5,1,1
9.4,5,1,1
2,5,1,1
0.6,5,1,1
3,5,1,1
10,5,1,1
7.4,5,1,1
8.8,5,1,1
0.4,5,1,1
11,5,1,1
5,5,1,1
14,5,1,1
7.2,5,1,1
2,5,1,1
2.8,5,1,1
4.4,5,1,1
10.6,5,1,1
30.8,5,1,1
4,5,1,1
13,5,1,1
0.75,5,1,1
3.75,5,1,1
15.5,5,1,1
15.4,5,1,1
6.8,5,1,1
4.8,5,1,1
11.1111111111111,5,1,1
3.77777777777778,5,1,1
7.33333333333333,5,1,1
3.77777777777778,5,1,1
7.77777777777778,5,1,1
6.66666666666667,5,1,1
9.4,5,1,1
10.4,5,1,1
10.2,5,1,1
3.8,5,1,1
20.4,5,1,1
1.8,5,1,1
17.6,5,1,1
2.8,5,1,1
1.4,5,1,1
7.2,5,1,1
13.8,5,1,1
6.8,5,1,1
3.8,5,1,1
5.8,5,1,1
5,5,1,1
1.25,5,1,1
4.75,5,1,1
6.75,5,1,1
13.2,5,1,1
9,5,1,1
8.8,5,1,1
11,5,1,1
4,5,1,1
8.4,5,1,1
42,5,1,1
5.33333333333333,5,1,1
3.2,5,1,1
7,5,1,1
0.8,5,1,1
11.8,5,1,1
2,5,1,1
0.6,5,1,1
25.4,5,1,1
44,5,1,1
8.4,5,1,1
33,5,1,1
8.8,6,1,1
10.6,6,1,1
12.6,6,1,1
11,6,1,1
17.2,6,1,1
12,6,1,1
16,6,1,1
11.7142857142857,6,1,1
18,6,1,1
2.57142857142857,6,1,1
11.7777777777778,6,1,1
6.22222222222222,6,1,1
30.2,6,1,1
12,6,1,1
3.6,6,1,1
13.2,6,1,1
14.8,6,1,1
3.4,6,1,1
4.2,6,1,1
6,6,1,1
11.75,6,1,1
8.5,6,1,1
3.5,6,1,1
3.55555555555556,6,1,1
6,6,1,1
3.33333333333333,6,1,1
10.6666666666667,6,1,1
20.8888888888889,6,1,1
9.2,6,1,1
11.4,6,1,1
10.2222222222222,6,1,1
0.6,6,1,1
1,6,1,1
3,6,1,1
6.2,6,1,1
27.25,6,1,1
27.5,6,1,1
19.6,6,1,1
4.2,6,1,1
1.6,6,1,1
6,6,1,1
7.8,6,1,1
29.2,6,1,1
2,6,1,1
11.6,6,1,1
6.4,6,1,1
7.8,6,1,1
19.5,6,1,1
3,6,1,1
3.2,6,1,1
22,6,1,1
25,6,1,1
17.75,6,1,1
4.75,6,1,1
5.2,6,1,1
1.6,6,1,1
8.4,6,1,1
3.2,6,1,1
4.4,6,1,1
2.6,6,1,1
7,6,1,1
0.8,6,1,1
1.8,6,1,1
6.22222222222222,6,1,1
4,6,1,1
12.8571428571429,6,1,1
7.42857142857143,6,1,1
8.85714285714286,6,1,1
0.285714285714286,6,1,1
23.8,6,1,1
10,6,1,1
19.4,6,1,1
6.2,6,1,1
21.6,6,1,1
18.6,6,1,1
16.6,6,1,1
5.2,6,1,1
12.8,6,1,1
9.8,6,1,1
15.2,6,1,1
4.4,6,1,1
28,6,1,1
17.6,6,1,1
28.4,6,1,1
6.6,6,1,1
3.6,6,1,1
23.6666666666667,6,1,1
7,6,1,1
10.6666666666667,6,1,1
6,6,1,1
27,6,1,1
32.75,6,1,1
11,6,1,1
31.5,6,1,1
2.4,6,1,1
2,6,1,1
12,6,1,1
9.8,6,1,1
5.6,6,1,1
1.2,6,1,1
15.2,6,1,1
3.4,6,1,1
4.75,6,1,1
6.66666666666667,6,1,1
0,6,1,1
31.6,6,1,1
10.2,6,1,1
10.6,6,1,1
0.6,6,1,1
1.2,6,1,1
4.6,6,1,1
9.8,6,1,1
9.2,6,1,1
17.2,6,1,1
0.8,6,1,1
14,6,1,1
2,6,1,1
15,6,1,1
12.4,6,1,1
1.4,6,1,1
3.6,6,1,1
8,6,1,1
16.6,6,1,1
15,6,1,1
7,6,1,1
7.42857142857143,6,1,1
7.25,6,1,1
6.75,6,1,1
17.25,6,1,1
19.2,6,1,1
11.2,6,1,1
6,6,1,1
8.22222222222222,6,1,1
4.44444444444444,6,1,1
8.22222222222222,6,1,1
5.77777777777778,6,1,1
9.55555555555556,6,1,1
4,6,1,1
12.2,6,1,1
7.4,6,1,1
11.6,6,1,1
4,6,1,1
13.8,6,1,1
1.8,6,1,1
14,6,1,1
5,6,1,1
2.8,6,1,1
6.8,6,1,1
12.8,6,1,1
5.6,6,1,1
3.4,6,1,1
8.8,6,1,1
4,6,1,1
3,6,1,1
5.5,6,1,1
11.5,6,1,1
21.4,6,1,1
13.4,6,1,1
10.6,6,1,1
12.8,6,1,1
3.4,6,1,1
10,6,1,1
34,6,1,1
4.88888888888889,6,1,1
8.4,6,1,1
18,6,1,1
2.8,6,1,1
13.2,6,1,1
3.8,6,1,1
0.8,6,1,1
20,6,1,1
42.4,6,1,1
7.4,6,1,1
34,6,1,1
8.6,7,1,1
7.4,7,1,1
17.8,7,1,1
9.4,7,1,1
18.4,7,1,1
9.6,7,1,1
16.2857142857143,7,1,1
10.8571428571429,7,1,1
14.5714285714286,7,1,1
5.71428571428571,7,1,1
10.2222222222222,7,1,1
5.11111111111111,7,1,1
28.4,7,1,1
15.2,7,1,1
5.6,7,1,1
15.2,7,1,1
12.8,7,1,1
5.6,7,1,1
5.2,7,1,1
15.2,7,1,1
8.5,7,1,1
8.75,7,1,1
2.75,7,1,1
4.44444444444444,7,1,1
6.44444444444444,7,1,1
2,7,1,1
9.55555555555556,7,1,1
9.33333333333333,7,1,1
9.2,7,1,1
11.8,7,1,1
10.2222222222222,7,1,1
1.4,7,1,1
0.2,7,1,1
2.4,7,1,1
4.4,7,1,1
29.25,7,1,1
27.5,7,1,1
13.6,7,1,1
8.8,7,1,1
5.8,7,1,1
16.4,7,1,1
19.4,7,1,1
37.4,7,1,1
0.6,7,1,1
5.6,7,1,1
7.4,7,1,1
10.6,7,1,1
19.75,7,1,1
4,7,1,1
4,7,1,1
12.6666666666667,7,1,1
26.25,7,1,1
16.75,7,1,1
1.25,7,1,1
4.2,7,1,1
1.8,7,1,1
22,7,1,1
3.2,7,1,1
13.6,7,1,1
3.8,7,1,1
5,7,1,1
1.4,7,1,1
2,7,1,1
7.8,7,1,1
9.6,7,1,1
10.8,7,1,1
2.6,7,1,1
5.4,7,1,1
0.4,7,1,1
20.6,7,1,1
4.6,7,1,1
14.6,7,1,1
4.8,7,1,1
17.4,7,1,1
15.8,7,1,1
14.8,7,1,1
9.2,7,1,1
8.6,7,1,1
10.6,7,1,1
23,7,1,1
3,7,1,1
37.8,7,1,1
18.2,7,1,1
35.4,7,1,1
10.8,7,1,1
6.6,7,1,1
15.3333333333333,7,1,1
13,7,1,1
17.3333333333333,7,1,1
7.33333333333333,7,1,1
20,7,1,1
29.25,7,1,1
13.25,7,1,1
31.75,7,1,1
3.4,7,1,1
3.6,7,1,1
18.4,7,1,1
14.2,7,1,1
8.4,7,1,1
2.2,7,1,1
16.6,7,1,1
9.8,7,1,1
7,7,1,1
7,7,1,1
0.4,7,1,1
33.8,7,1,1
12.4,7,1,1
6.6,7,1,1
0.4,7,1,1
1.2,7,1,1
3.8,7,1,1
10.6,7,1,1
9.4,7,1,1
15,7,1,1
1.2,7,1,1
26.4,7,1,1
5.4,7,1,1
14.2,7,1,1
5.2,7,1,1
0.2,7,1,1
2.6,7,1,1
3.4,7,1,1
6.4,7,1,1
22.2,7,1,1
5.66666666666667,7,1,1
8,7,1,1
8,7,1,1
8.25,7,1,1
24.25,7,1,1
9.4,7,1,1
6.2,7,1,1
7.6,7,1,1
14.4444444444444,7,1,1
3.77777777777778,7,1,1
8,7,1,1
5.11111111111111,7,1,1
6,7,1,1
4.44444444444444,7,1,1
17.4,7,1,1
5,7,1,1
10,7,1,1
4.2,7,1,1
19.2,7,1,1
2,7,1,1
11,7,1,1
4.2,7,1,1
5,7,1,1
5.6,7,1,1
7.6,7,1,1
10,7,1,1
4.2,7,1,1
5,7,1,1
5.8,7,1,1
7.25,7,1,1
9.25,7,1,1
8.25,7,1,1
22.8,7,1,1
12.2,7,1,1
12.4,7,1,1
6.2,7,1,1
4.8,7,1,1
11.4,7,1,1
47.3333333333333,7,1,1
6.22222222222222,7,1,1
8.2,7,1,1
12.8,7,1,1
2,7,1,1
12.8,7,1,1
5.4,7,1,1
1.2,7,1,1
13.8,7,1,1
45.4,7,1,1
5.2,7,1,1
25.4,7,1,1
10.2,8,1,1
9,8,1,1
13.8,8,1,1
11.2,8,1,1
18.6,8,1,1
12.8,8,1,1
17.4285714285714,8,1,1
18,8,1,1
17.4285714285714,8,1,1
6.85714285714286,8,1,1
12.8888888888889,8,1,1
7.11111111111111,8,1,1
32.2,8,1,1
16,8,1,1
4.4,8,1,1
13,8,1,1
15.4,8,1,1
0.6,8,1,1
3,8,1,1
7.2,8,1,1
23,8,1,1
5.75,8,1,1
2,8,1,1
7.11111111111111,8,1,1
10.6666666666667,8,1,1
3.77777777777778,8,1,1
7.77777777777778,8,1,1
22.4444444444444,8,1,1
9.2,8,1,1
13,8,1,1
12.4444444444444,8,1,1
9.6,8,1,1
0.2,8,1,1
4,8,1,1
7.4,8,1,1
21.75,8,1,1
26,8,1,1
13.6,8,1,1
8.2,8,1,1
7.6,8,1,1
24.6,8,1,1
21.8,8,1,1
29.4,8,1,1
1.6,8,1,1
5.6,8,1,1
14,8,1,1
10.2,8,1,1
24.25,8,1,1
4,8,1,1
2.4,8,1,1
19.7777777777778,8,1,1
28,8,1,1
15.25,8,1,1
2.5,8,1,1
6.4,8,1,1
2,8,1,1
10.4,8,1,1
3.2,8,1,1
8.4,8,1,1
6,8,1,1
15.6,8,1,1
0.8,8,1,1
3,8,1,1
10,8,1,1
15.5555555555556,8,1,1
14,8,1,1
8.66666666666667,8,1,1
8.88888888888889,8,1,1
1.55555555555556,8,1,1
17.6,8,1,1
8.6,8,1,1
22.8,8,1,1
6.2,8,1,1
34.8,8,1,1
9.8,8,1,1
19,8,1,1
11.2,8,1,1
11.2,8,1,1
14.4,8,1,1
24.4,8,1,1
2.8,8,1,1
45.8,8,1,1
22,8,1,1
32.4,8,1,1
10.4,8,1,1
6.2,8,1,1
22.3333333333333,8,1,1
29.6666666666667,8,1,1
18.3333333333333,8,1,1
4.66666666666667,8,1,1
34.3333333333333,8,1,1
32.5,8,1,1
17.25,8,1,1
38,8,1,1
7.8,8,1,1
4.6,8,1,1
18.4,8,1,1
20.8,8,1,1
13.4,8,1,1
5.6,8,1,1
16,8,1,1
12,8,1,1
7,8,1,1
5,8,1,1
2,8,1,1
27,8,1,1
5.8,8,1,1
19.8,8,1,1
4.2,8,1,1
1.2,8,1,1
3.8,8,1,1
18.4,8,1,1
11.6,8,1,1
12.4,8,1,1
4.8,8,1,1
56.4,8,1,1
9.4,8,1,1
35.6,8,1,1
32,8,1,1
0,8,1,1
2.6,8,1,1
6.2,8,1,1
10.8,8,1,1
33,8,1,1
13.1428571428571,8,1,1
14,8,1,1
9,8,1,1
12.25,8,1,1
27.5,8,1,1
15.6,8,1,1
7.6,8,1,1
7.2,8,1,1
20,8,1,1
3.77777777777778,8,1,1
9.55555555555556,8,1,1
4.44444444444444,8,1,1
10.4444444444444,8,1,1
4.88888888888889,8,1,1
20.8,8,1,1
12.2,8,1,1
16.6,8,1,1
13.4,8,1,1
34.2,8,1,1
7.6,8,1,1
21.8,8,1,1
7,8,1,1
7.2,8,1,1
10.2,8,1,1
16,8,1,1
10.8,8,1,1
4.4,8,1,1
8.2,8,1,1
7,8,1,1
8.5,8,1,1
10,8,1,1
16.75,8,1,1
23.2,8,1,1
19.6,8,1,1
21,8,1,1
11.8,8,1,1
7.6,8,1,1
15.4,8,1,1
52.6666666666667,8,1,1
9.33333333333333,8,1,1
4.8,8,1,1
18,8,1,1
3,8,1,1
9.8,8,1,1
4.6,8,1,1
0.8,8,1,1
28.8,8,1,1
43,8,1,1
7.6,8,1,1
22.8,8,1,1
37.8,1,1,2
28.6,1,1,2
5.6,1,1,2
11.6,1,1,2
21.75,1,1,2
16.25,1,1,2
11.4285714285714,1,1,2
13.4545454545455,1,1,2
14.5454545454545,1,1,2
18,1,1,2
38.8,1,1,2
15.4,1,1,2
8,1,1,2
34.5454545454545,1,1,2
20.3636363636364,1,1,2
16,1,1,2
9,1,1,2
25.8,1,1,2
11.2,1,1,2
16.4,1,1,2
16.2,1,1,2
22.9090909090909,1,1,2
6.90909090909091,1,1,2
11.6,1,1,2
12,1,1,2
12,1,1,2
10.2,1,1,2
20.5454545454545,1,1,2
8,1,1,2
8.4,1,1,2
19.4,1,1,2
30.4,1,1,2
2.2,1,1,2
26.2,1,1,2
14.6,1,1,2
23.4,1,1,2
4.6,1,1,2
22.8,1,1,2
7.8,1,1,2
27.6,1,1,2
37.5,1,1,2
28,1,1,2
33.8,1,1,2
6.2,1,1,2
7.4,1,1,2
17.6,1,1,2
7.6,1,1,2
4.4,1,1,2
25.8,1,1,2
7.6,1,1,2
13,1,1,2
10.8,1,1,2
21.8,1,1,2
2.4,1,1,2
15,1,1,2
18.2,1,1,2
70.4,1,1,2
4.6,1,1,2
32.2,1,1,2
15.8,1,1,2
19.8181818181818,1,1,2
10,1,1,2
4.18181818181818,1,1,2
8.75,1,1,2
9.8,1,1,2
38.75,1,1,2
40,1,1,2
18.2,1,1,2
10.2,1,1,2
15.4,1,1,2
2.8,1,1,2
18.6,1,1,2
6.2,1,1,2
11.6,1,1,2
47.75,1,1,2
6.75,1,1,2
19.8,1,1,2
11.0909090909091,1,1,2
6,1,1,2
4.8,1,1,2
5.6,1,1,2
14.4,1,1,2
9.4,1,1,2
12.4,1,1,2
42.4,1,1,2
21.6,1,1,2
9,1,1,2
3.6,1,1,2
6.2,1,1,2
11.4545454545455,1,1,2
14,1,1,2
12,1,1,2
23,1,1,2
22.8888888888889,1,1,2
35.1111111111111,1,1,2
17.6,1,1,2
25.6,1,1,2
50,1,1,2
6.4,1,1,2
16,1,1,2
31.7777777777778,1,1,2
4.66666666666667,1,1,2
24.8,1,1,2
16.8,1,1,2
8.85714285714286,1,1,2
17.1428571428571,1,1,2
31.4285714285714,1,1,2
16.2857142857143,1,1,2
5.42857142857143,1,1,2
15.1428571428571,1,1,2
3.6,1,1,2
12.2857142857143,1,1,2
18.5,1,1,2
43,1,1,2
12.75,1,1,2
23.4285714285714,1,1,2
34.25,1,1,2
48,1,1,2
71.25,1,1,2
36,1,1,2
30.5,1,1,2
50,1,1,2
20.2,1,1,2
23.8,1,1,2
36,1,1,2
12,1,1,2
30.6,2,1,2
23.4,2,1,2
2.8,2,1,2
6.4,2,1,2
13.4285714285714,2,1,2
7.14285714285714,2,1,2
7.71428571428571,2,1,2
6.4,2,1,2
6.6,2,1,2
15.0909090909091,2,1,2
22,2,1,2
13.6363636363636,2,1,2
3,2,1,2
32.6,2,1,2
19.4,2,1,2
12.8,2,1,2
3.4,2,1,2
19.6,2,1,2
6.8,2,1,2
15.6,2,1,2
14.8,2,1,2
22.6,2,1,2
4.6,2,1,2
8.4,2,1,2
8.18181818181818,2,1,2
10.3636363636364,2,1,2
4.4,2,1,2
12,2,1,2
6,2,1,2
6.18181818181818,2,1,2
19.2,2,1,2
9.6,2,1,2
1,2,1,2
22.4,2,1,2
8.4,2,1,2
13.8,2,1,2
0.8,2,1,2
18,2,1,2
7.63636363636364,2,1,2
25.6,2,1,2
23.5,2,1,2
19.75,2,1,2
29.8,2,1,2
2.2,2,1,2
6.2,2,1,2
9.8,2,1,2
5.8,2,1,2
2.2,2,1,2
19.8,2,1,2
7.2,2,1,2
12.2,2,1,2
6.2,2,1,2
19.8,2,1,2
1,2,1,2
5.6,2,1,2
6.6,2,1,2
67.8,2,1,2
4.6,2,1,2
10,2,1,2
5.4,2,1,2
14.7272727272727,2,1,2
5.8,2,1,2
2.54545454545455,2,1,2
3.5,2,1,2
1.4,2,1,2
25.25,2,1,2
14.25,2,1,2
9,2,1,2
2.2,2,1,2
11.0909090909091,2,1,2
2.2,2,1,2
12.6,2,1,2
5.2,2,1,2
7,2,1,2
20.5,2,1,2
4.75,2,1,2
18,2,1,2
4.6,2,1,2
5.6,2,1,2
4.6,2,1,2
4,2,1,2
7.63636363636364,2,1,2
4.8,2,1,2
4.6,2,1,2
20,2,1,2
14.4,2,1,2
3.2,2,1,2
3.4,2,1,2
4.8,2,1,2
10.2,2,1,2
10.4,2,1,2
9.6,2,1,2
20.2,2,1,2
14.2222222222222,2,1,2
30.2222222222222,2,1,2
14.8,2,1,2
12,2,1,2
39.2,2,1,2
0.8,2,1,2
10,2,1,2
29.3333333333333,2,1,2
1,2,1,2
11.3333333333333,2,1,2
11.5555555555556,2,1,2
6.28571428571429,2,1,2
10.8571428571429,2,1,2
20,2,1,2
13.7142857142857,2,1,2
4.85714285714286,2,1,2
10.8571428571429,2,1,2
2.44444444444444,2,1,2
8.2,2,1,2
5,2,1,2
34.5,2,1,2
7.75,2,1,2
13.7142857142857,2,1,2
33,2,1,2
40.5,2,1,2
46.75,2,1,2
35.75,2,1,2
26.5714285714286,2,1,2
50,2,1,2
15,2,1,2
15.8,2,1,2
30,2,1,2
8,2,1,2
20,3,1,2
21,3,1,2
4,3,1,2
9.8,3,1,2
14,3,1,2
6.85714285714286,3,1,2
7.42857142857143,3,1,2
3.4,3,1,2
4.4,3,1,2
9.6,3,1,2
20.2,3,1,2
11.4,3,1,2
3.4,3,1,2
14.6,3,1,2
7.4,3,1,2
12,3,1,2
3.6,3,1,2
3.2,3,1,2
5,3,1,2
11.6,3,1,2
13.8,3,1,2
7.8,3,1,2
0.4,3,1,2
11.4,3,1,2
7.6,3,1,2
6.2,3,1,2
5.2,3,1,2
8.8,3,1,2
3.2,3,1,2
6.2,3,1,2
16.3636363636364,3,1,2
4.90909090909091,3,1,2
1.4,3,1,2
16.6,3,1,2
6.2,3,1,2
10.6,3,1,2
1.6,3,1,2
17,3,1,2
4.4,3,1,2
26.5454545454545,3,1,2
20.75,3,1,2
18.5,3,1,2
17.4,3,1,2
1.8,3,1,2
2.4,3,1,2
6,3,1,2
1.6,3,1,2
0.2,3,1,2
8,3,1,2
7.4,3,1,2
6.6,3,1,2
0.6,3,1,2
9.4,3,1,2
0.8,3,1,2
6.8,3,1,2
0.4,3,1,2
24.6,3,1,2
1,3,1,2
6.4,3,1,2
2.6,3,1,2
7.8,3,1,2
2,3,1,2
1,3,1,2
1.75,3,1,2
6,3,1,2
22.75,3,1,2
19,3,1,2
6,3,1,2
3.6,3,1,2
11.4,3,1,2
2.6,3,1,2
7.6,3,1,2
3,3,1,2
4.8,3,1,2
7.75,3,1,2
1,3,1,2
10.2,3,1,2
2,3,1,2
3.8,3,1,2
3.6,3,1,2
4.54545454545455,3,1,2
11.8,3,1,2
7,3,1,2
2.4,3,1,2
11.8,3,1,2
4.8,3,1,2
5.2,3,1,2
3.6,3,1,2
3.6,3,1,2
3.6,3,1,2
4.8,3,1,2
4.54545454545455,3,1,2
16.1818181818182,3,1,2
5.33333333333333,3,1,2
14.8888888888889,3,1,2
11.6,3,1,2
10.4,3,1,2
8.8,3,1,2
2,3,1,2
8,3,1,2
21.75,3,1,2
0.25,3,1,2
17.6,3,1,2
12.6,3,1,2
4.85714285714286,3,1,2
6.85714285714286,3,1,2
12.2857142857143,3,1,2
12.8571428571429,3,1,2
4.57142857142857,3,1,2
10.2857142857143,3,1,2
2,3,1,2
8.4,3,1,2
4.57142857142857,3,1,2
38.5,3,1,2
5.42857142857143,3,1,2
4.75,3,1,2
23.5,3,1,2
28,3,1,2
52.75,3,1,2
24,3,1,2
20.8571428571429,3,1,2
42,3,1,2
16.2,3,1,2
14.4,3,1,2
36,3,1,2
7,3,1,2
27.8,4,1,2
23.6,4,1,2
3.4,4,1,2
6.8,4,1,2
14.5,4,1,2
6.75,4,1,2
4.57142857142857,4,1,2
8.2,4,1,2
10.2,4,1,2
10,4,1,2
33,4,1,2
11,4,1,2
1.2,4,1,2
12,4,1,2
4.8,4,1,2
7,4,1,2
3.63636363636364,4,1,2
1.4,4,1,2
3.2,4,1,2
7.8,4,1,2
13.2,4,1,2
10.5454545454545,4,1,2
1.09090909090909,4,1,2
9.63636363636364,4,1,2
9.6,4,1,2
10,4,1,2
4.4,4,1,2
8.8,4,1,2
1.6,4,1,2
3.4,4,1,2
8.8,4,1,2
8.4,4,1,2
0.4,4,1,2
10,4,1,2
2.8,4,1,2
6.2,4,1,2
0.8,4,1,2
16,4,1,2
3.4,4,1,2
20.8,4,1,2
18.25,4,1,2
18.25,4,1,2
14.8,4,1,2
0.8,4,1,2
3.8,4,1,2
4.8,4,1,2
0.6,4,1,2
0,4,1,2
9.8,4,1,2
2.2,4,1,2
9.4,4,1,2
1.6,4,1,2
4.6,4,1,2
0.6,4,1,2
9.6,4,1,2
0,4,1,2
23.4,4,1,2
0.4,4,1,2
5.6,4,1,2
2.8,4,1,2
9.4,4,1,2
6.36363636363636,4,1,2
1.4,4,1,2
1.25,4,1,2
8,4,1,2
21.75,4,1,2
11,4,1,2
4.2,4,1,2
1.8,4,1,2
13.4,4,1,2
1.4,4,1,2
6.6,4,1,2
1.4,4,1,2
4.90909090909091,4,1,2
6.75,4,1,2
3,4,1,2
1.4,4,1,2
3.4,4,1,2
2.6,4,1,2
2.4,4,1,2
5.4,4,1,2
10.2,4,1,2
6.4,4,1,2
10.4,4,1,2
9.6,4,1,2
8.6,4,1,2
1.6,4,1,2
3.4,4,1,2
3,4,1,2
6.4,4,1,2
4.2,4,1,2
3.8,4,1,2
11.6,4,1,2
3.11111111111111,4,1,2
12.2222222222222,4,1,2
11.5,4,1,2
12,4,1,2
14.8,4,1,2
2,4,1,2
9.2,4,1,2
18.5,4,1,2
0,4,1,2
13.4,4,1,2
14.4,4,1,2
2.57142857142857,4,1,2
11.7142857142857,4,1,2
24,4,1,2
8.57142857142857,4,1,2
1.71428571428571,4,1,2
8.66666666666667,4,1,2
1.6,4,1,2
7.8,4,1,2
5.42857142857143,4,1,2
41.25,4,1,2
10,4,1,2
3.25,4,1,2
26.5714285714286,4,1,2
20,4,1,2
39.75,4,1,2
27,4,1,2
21.75,4,1,2
38.2222222222222,4,1,2
13.4,4,1,2
17.8,4,1,2
25.6,4,1,2
3,4,1,2
21.2,5,1,2
22.4,5,1,2
3.2,5,1,2
8,5,1,2
11.25,5,1,2
10.5,5,1,2
6.57142857142857,5,1,2
7.4,5,1,2
10,5,1,2
7.6,5,1,2
25.0909090909091,5,1,2
10.4,5,1,2
2.54545454545455,5,1,2
8,5,1,2
4.2,5,1,2
3,5,1,2
4.8,5,1,2
1.4,5,1,2
3.4,5,1,2
10.2,5,1,2
8.2,5,1,2
9.6,5,1,2
2.2,5,1,2
7,5,1,2
11.8181818181818,5,1,2
9.2,5,1,2
8.72727272727273,5,1,2
10.2,5,1,2
2.8,5,1,2
4.4,5,1,2
4,5,1,2
7.8,5,1,2
0.6,5,1,2
10.6,5,1,2
3.8,5,1,2
8,5,1,2
1.6,5,1,2
13,5,1,2
2.8,5,1,2
14.4,5,1,2
26.75,5,1,2
14,5,1,2
22.6,5,1,2
2.8,5,1,2
5.6,5,1,2
11,5,1,2
5.2,5,1,2
0.2,5,1,2
8.4,5,1,2
5.2,5,1,2
10.2,5,1,2
0.8,5,1,2
5.2,5,1,2
0.4,5,1,2
7.4,5,1,2
1.2,5,1,2
31,5,1,2
0.4,5,1,2
11.4,5,1,2
3.2,5,1,2
4.4,5,1,2
9.09090909090909,5,1,2
0.4,5,1,2
3,5,1,2
6.8,5,1,2
17.75,5,1,2
10,5,1,2
5.2,5,1,2
2,5,1,2
14,5,1,2
0.4,5,1,2
9.63636363636364,5,1,2
1.81818181818182,5,1,2
4.6,5,1,2
7.25,5,1,2
2,5,1,2
6,5,1,2
0.8,5,1,2
3.8,5,1,2
1.8,5,1,2
4.6,5,1,2
10.4,5,1,2
7.6,5,1,2
11,5,1,2
23,5,1,2
13.6,5,1,2
7.6,5,1,2
3.2,5,1,2
1.2,5,1,2
3,5,1,2
4.6,5,1,2
3,5,1,2
8.4,5,1,2
4,5,1,2
13.1111111111111,5,1,2
8.4,5,1,2
8.4,5,1,2
27.6,5,1,2
1.5,5,1,2
8.8,5,1,2
20.4444444444444,5,1,2
0.222222222222222,5,1,2
10,5,1,2
6.4,5,1,2
4.57142857142857,5,1,2
8.66666666666667,5,1,2
13.3333333333333,5,1,2
11.7142857142857,5,1,2
3.42857142857143,5,1,2
8,5,1,2
1,5,1,2
9.2,5,1,2
3,5,1,2
34.75,5,1,2
8,5,1,2
4.75,5,1,2
22.5714285714286,5,1,2
26,5,1,2
44,5,1,2
22.25,5,1,2
9.75,5,1,2
37.5555555555556,5,1,2
10.6,5,1,2
22.8,5,1,2
25.2,5,1,2
6.4,5,1,2
18,6,1,2
22.8,6,1,2
3.4,6,1,2
7,6,1,2
16,6,1,2
8.75,6,1,2
5.42857142857143,6,1,2
10.5454545454545,6,1,2
11.4545454545455,6,1,2
15.8,6,1,2
21,6,1,2
13.4,6,1,2
1.6,6,1,2
14,6,1,2
5.81818181818182,6,1,2
6,6,1,2
7.2,6,1,2
5.63636363636364,6,1,2
2.6,6,1,2
7,6,1,2
10.4,6,1,2
12.2,6,1,2
1.8,6,1,2
4.8,6,1,2
10.8,6,1,2
4.72727272727273,6,1,2
5.6,6,1,2
16.4,6,1,2
5.6,6,1,2
5,6,1,2
7.6,6,1,2
9,6,1,2
1.09090909090909,6,1,2
12.8,6,1,2
7.2,6,1,2
4,6,1,2
1,6,1,2
15.4,6,1,2
4.4,6,1,2
17.4,6,1,2
23.5,6,1,2
20.75,6,1,2
23.2,6,1,2
1.8,6,1,2
2.4,6,1,2
8.2,6,1,2
2.2,6,1,2
1,6,1,2
10.4,6,1,2
4.8,6,1,2
5.6,6,1,2
0.8,6,1,2
10.1818181818182,6,1,2
0,6,1,2
7,6,1,2
0.6,6,1,2
35,6,1,2
0.8,6,1,2
11.4,6,1,2
5,6,1,2
10.6,6,1,2
4.4,6,1,2
1,6,1,2
1,6,1,2
4.2,6,1,2
29.25,6,1,2
16.25,6,1,2
9.4,6,1,2
4.8,6,1,2
11.8,6,1,2
1.6,6,1,2
12.2,6,1,2
1.4,6,1,2
7.8,6,1,2
8.25,6,1,2
2,6,1,2
0.6,6,1,2
0.4,6,1,2
2,6,1,2
3.4,6,1,2
3.2,6,1,2
5.4,6,1,2
7,6,1,2
4,6,1,2
18.4,6,1,2
14.2,6,1,2
3.6,6,1,2
1.8,6,1,2
2.4,6,1,2
3.2,6,1,2
6.4,6,1,2
1.2,6,1,2
10.6,6,1,2
4,6,1,2
16,6,1,2
10.4,6,1,2
6.8,6,1,2
22.5,6,1,2
2.8,6,1,2
6.8,6,1,2
19.3333333333333,6,1,2
0.666666666666667,6,1,2
5.4,6,1,2
6.4,6,1,2
1,6,1,2
6,6,1,2
7.33333333333333,6,1,2
9.66666666666667,6,1,2
1,6,1,2
9,6,1,2
2,6,1,2
8.4,6,1,2
5.75,6,1,2
28.8571428571429,6,1,2
9,6,1,2
10.25,6,1,2
19,6,1,2
29,6,1,2
40.75,6,1,2
19.5,6,1,2
12.5,6,1,2
42.8,6,1,2
15.4,6,1,2
15.2,6,1,2
21.3333333333333,6,1,2
1.6,6,1,2
21,7,1,2
21,7,1,2
2.6,7,1,2
7,7,1,2
14.5,7,1,2
7,7,1,2
4.85714285714286,7,1,2
6.8,7,1,2
7.2,7,1,2
14.3636363636364,7,1,2
37,7,1,2
12,7,1,2
3,7,1,2
11.2,7,1,2
3.8,7,1,2
9.27272727272727,7,1,2
8,7,1,2
3.6,7,1,2
2.8,7,1,2
9.2,7,1,2
12.2,7,1,2
13.8,7,1,2
2.8,7,1,2
9.81818181818182,7,1,2
10.5454545454545,7,1,2
4,7,1,2
3.8,7,1,2
19,7,1,2
2.8,7,1,2
5,7,1,2
10.2,7,1,2
19.2,7,1,2
1.4,7,1,2
12.2,7,1,2
3.6,7,1,2
5,7,1,2
0.8,7,1,2
18.4,7,1,2
3.6,7,1,2
19,7,1,2
31.5,7,1,2
20,7,1,2
8.8,7,1,2
1.4,7,1,2
2.6,7,1,2
4.4,7,1,2
3.8,7,1,2
2.4,7,1,2
13.6,7,1,2
3.2,7,1,2
7.8,7,1,2
0.727272727272727,7,1,2
10.2,7,1,2
1.2,7,1,2
9.8,7,1,2
0.6,7,1,2
40,7,1,2
1.4,7,1,2
24.2,7,1,2
7.4,7,1,2
7.8,7,1,2
1.4,7,1,2
0.4,7,1,2
3,7,1,2
6.54545454545455,7,1,2
32.25,7,1,2
11.75,7,1,2
10,7,1,2
3.2,7,1,2
12,7,1,2
1.63636363636364,7,1,2
15.2,7,1,2
5.2,7,1,2
9,7,1,2
6.25,7,1,2
2,7,1,2
2,7,1,2
6,7,1,2
1.45454545454545,7,1,2
3.6,7,1,2
2.4,7,1,2
4,7,1,2
8.6,7,1,2
9.6,7,1,2
16,7,1,2
10.8,7,1,2
4.2,7,1,2
1.4,7,1,2
3,7,1,2
6,7,1,2
8.8,7,1,2
2,7,1,2
10.4,7,1,2
8.66666666666667,7,1,2
26,7,1,2
12.8,7,1,2
6,7,1,2
41.6,7,1,2
4.4,7,1,2
10,7,1,2
20.4444444444444,7,1,2
3.11111111111111,7,1,2
4.8,7,1,2
3.2,7,1,2
1.33333333333333,7,1,2
12.6666666666667,7,1,2
26.3333333333333,7,1,2
6.66666666666667,7,1,2
1.33333333333333,7,1,2
13.4285714285714,7,1,2
3.4,7,1,2
10.8,7,1,2
4.5,7,1,2
34,7,1,2
7.75,7,1,2
9.5,7,1,2
15,7,1,2
35,7,1,2
42,7,1,2
23.75,7,1,2
12,7,1,2
41.5,7,1,2
13,7,1,2
15,7,1,2
33.6,7,1,2
7.2,7,1,2
30.6,8,1,2
25,8,1,2
3.2,8,1,2
8.8,8,1,2
18.25,8,1,2
12,8,1,2
8,8,1,2
13.4,8,1,2
13.2,8,1,2
9.2,8,1,2
29.0909090909091,8,1,2
9.4,8,1,2
7.27272727272727,8,1,2
17.6,8,1,2
5.6,8,1,2
7.2,8,1,2
4.8,8,1,2
13.4,8,1,2
7,8,1,2
9.6,8,1,2
10.4,8,1,2
21.4,8,1,2
5.2,8,1,2
7.2,8,1,2
11.2,8,1,2
5.2,8,1,2
4.6,8,1,2
20.4,8,1,2
4.8,8,1,2
5.4,8,1,2
16.6,8,1,2
22.8,8,1,2
1.6,8,1,2
20.8,8,1,2
5.2,8,1,2
19.4,8,1,2
2.6,8,1,2
18.6,8,1,2
5.6,8,1,2
24,8,1,2
30.4444444444444,8,1,2
23.1111111111111,8,1,2
24.2,8,1,2
1,8,1,2
2.6,8,1,2
7.4,8,1,2
1.8,8,1,2
0.727272727272727,8,1,2
14.5454545454545,8,1,2
5.4,8,1,2
6.4,8,1,2
3.4,8,1,2
15.2,8,1,2
1.63636363636364,8,1,2
10.4,8,1,2
13.6,8,1,2
50.2,8,1,2
3,8,1,2
24.4,8,1,2
13.2,8,1,2
4.6,8,1,2
3.6,8,1,2
1.2,8,1,2
5.5,8,1,2
9,8,1,2
32,8,1,2
18.25,8,1,2
13,8,1,2
6.6,8,1,2
15.4,8,1,2
2.6,8,1,2
17.6,8,1,2
5,8,1,2
10.8,8,1,2
4,8,1,2
6,8,1,2
9.8,8,1,2
9,8,1,2
2.2,8,1,2
3.09090909090909,8,1,2
2.6,8,1,2
7,8,1,2
6.8,8,1,2
11,8,1,2
29.4,8,1,2
17.8,8,1,2
6,8,1,2
1.8,8,1,2
4.4,8,1,2
5,8,1,2
6.2,8,1,2
9,8,1,2
15,8,1,2
10.2222222222222,8,1,2
27.1111111111111,8,1,2
14,8,1,2
11.6,8,1,2
42.8,8,1,2
4.8,8,1,2
14.4,8,1,2
25.7777777777778,8,1,2
1.55555555555556,8,1,2
6,8,1,2
6.22222222222222,8,1,2
8.33333333333333,8,1,2
14.5714285714286,8,1,2
30.5714285714286,8,1,2
10.6666666666667,8,1,2
3,8,1,2
11.1428571428571,8,1,2
3,8,1,2
6.88888888888889,8,1,2
10.75,8,1,2
28.5,8,1,2
9.5,8,1,2
13,8,1,2
24.75,8,1,2
35.75,8,1,2
57.4285714285714,8,1,2
16.5714285714286,8,1,2
20.5,8,1,2
39.3333333333333,8,1,2
18.4,8,1,2
17,8,1,2
26,8,1,2
12,8,1,2
13,1,2,1
12.75,1,2,1
13,1,2,1
72,1,2,1
15.5,1,2,1
59,1,2,1
23.4285714285714,1,2,1
54.2857142857143,1,2,1
14.2857142857143,1,2,1
16.5714285714286,1,2,1
32.2857142857143,1,2,1
9.8,1,2,1
37.8,1,2,1
21.8,1,2,1
11.4,1,2,1
42.6666666666667,1,2,1
20.3333333333333,1,2,1
22,1,2,1
7.6,1,2,1
17.6666666666667,1,2,1
22,1,2,1
23.5,1,2,1
28.75,1,2,1
44.25,1,2,1
67,1,2,1
6.6,1,2,1
13.8,1,2,1
26.6,1,2,1
7,1,2,1
33.6,1,2,1
26.4,1,2,1
5.25,1,2,1
7,1,2,1
18.5,1,2,1
19,1,2,1
10.2,1,2,1
27.6,1,2,1
6.25,1,2,1
12.75,1,2,1
30.6666666666667,1,2,1
13.5555555555556,1,2,1
7.55555555555556,1,2,1
43.1111111111111,1,2,1
12.6666666666667,2,2,1
7.25,2,2,1
5,2,2,1
68.75,2,2,1
12.25,2,2,1
54.5,2,2,1
4.28571428571429,2,2,1
43.4285714285714,2,2,1
7.42857142857143,2,2,1
10.5714285714286,2,2,1
28,2,2,1
9,2,2,1
18.6,2,2,1
20.6,2,2,1
11.4,2,2,1
10.6666666666667,2,2,1
17.6666666666667,2,2,1
17.6666666666667,2,2,1
6.8,2,2,1
12.3333333333333,2,2,1
9.42857142857143,2,2,1
6.75,2,2,1
4,2,2,1
29.5,2,2,1
38.75,2,2,1
0.4,2,2,1
6.8,2,2,1
23.4,2,2,1
4.6,2,2,1
17.6,2,2,1
13.4,2,2,1
3.5,2,2,1
5,2,2,1
12.75,2,2,1
7,2,2,1
4.2,2,2,1
9.4,2,2,1
3.75,2,2,1
3,2,2,1
19.7777777777778,2,2,1
12,2,2,1
6.88888888888889,2,2,1
32.8888888888889,2,2,1
11.7142857142857,3,2,1
4.5,3,2,1
8.25,3,2,1
62,3,2,1
11,3,2,1
52,3,2,1
7.42857142857143,3,2,1
33.7142857142857,3,2,1
8.85714285714286,3,2,1
9.42857142857143,3,2,1
15.7142857142857,3,2,1
5,3,2,1
31,3,2,1
11.2,3,2,1
4.8,3,2,1
11.6666666666667,3,2,1
13.3333333333333,3,2,1
14.3333333333333,3,2,1
5.6,3,2,1
16,3,2,1
9.14285714285714,3,2,1
3.75,3,2,1
4,3,2,1
12,3,2,1
17.75,3,2,1
0,3,2,1
5,3,2,1
15.8,3,2,1
1.2,3,2,1
13.2,3,2,1
9.4,3,2,1
1.5,3,2,1
0.25,3,2,1
3,3,2,1
4,3,2,1
4,3,2,1
18.2,3,2,1
5,3,2,1
5,3,2,1
19.1111111111111,3,2,1
13.1111111111111,3,2,1
4.22222222222222,3,2,1
32.4444444444444,3,2,1
8.66666666666667,4,2,1
3.75,4,2,1
9.5,4,2,1
67.5,4,2,1
10,4,2,1
48.5,4,2,1
4.57142857142857,4,2,1
33.1428571428571,4,2,1
4.85714285714286,4,2,1
9.71428571428571,4,2,1
19.7142857142857,4,2,1
4.4,4,2,1
23.4,4,2,1
18,4,2,1
11.2,4,2,1
20.6666666666667,4,2,1
11,4,2,1
16.3333333333333,4,2,1
6,4,2,1
5.42857142857143,4,2,1
6,4,2,1
1.25,4,2,1
3,4,2,1
8.75,4,2,1
19.75,4,2,1
0,4,2,1
10,4,2,1
13.8,4,2,1
1.4,4,2,1
14.4,4,2,1
10.8,4,2,1
0.75,4,2,1
0.75,4,2,1
1.75,4,2,1
6,4,2,1
5.4,4,2,1
20.2,4,2,1
4.5,4,2,1
2.5,4,2,1
14.2222222222222,4,2,1
10.2222222222222,4,2,1
1.55555555555556,4,2,1
20.8888888888889,4,2,1
8.57142857142857,5,2,1
3.5,5,2,1
7.5,5,2,1
40.75,5,2,1
11.25,5,2,1
50,5,2,1
7.71428571428571,5,2,1
28.2857142857143,5,2,1
11.4285714285714,5,2,1
16,5,2,1
23.1428571428571,5,2,1
7.6,5,2,1
25.4,5,2,1
14.2,5,2,1
2.6,5,2,1
38,5,2,1
8,5,2,1
12,5,2,1
6.4,5,2,1
12,5,2,1
9,5,2,1
2.25,5,2,1
2.75,5,2,1
6.5,5,2,1
20,5,2,1
0,5,2,1
10.4,5,2,1
7.8,5,2,1
0.4,5,2,1
10.4,5,2,1
6,5,2,1
1,5,2,1
1,5,2,1
3.25,5,2,1
8.25,5,2,1
2.8,5,2,1
10.2,5,2,1
0.75,5,2,1
2.25,5,2,1
11.5555555555556,5,2,1
7.33333333333333,5,2,1
0.666666666666667,5,2,1
20,5,2,1
9.66666666666667,6,2,1
5.75,6,2,1
7.75,6,2,1
37.5,6,2,1
7.75,6,2,1
49.5,6,2,1
6.85714285714286,6,2,1
37.4285714285714,6,2,1
5.14285714285714,6,2,1
16.5714285714286,6,2,1
24.5714285714286,6,2,1
4.6,6,2,1
29.2,6,2,1
15.4,6,2,1
8.4,6,2,1
38,6,2,1
11.3333333333333,6,2,1
13,6,2,1
7.2,6,2,1
4.57142857142857,6,2,1
6,6,2,1
2.75,6,2,1
2.5,6,2,1
9.5,6,2,1
21,6,2,1
1,6,2,1
1.8,6,2,1
22.2,6,2,1
3.6,6,2,1
22.4,6,2,1
16,6,2,1
2,6,2,1
1.75,6,2,1
3.25,6,2,1
7.5,6,2,1
3.8,6,2,1
12.8,6,2,1
2.75,6,2,1
1.5,6,2,1
6.66666666666667,6,2,1
3.11111111111111,6,2,1
1.55555555555556,6,2,1
15.1111111111111,6,2,1
8,7,2,1
9,7,2,1
10.25,7,2,1
55.5,7,2,1
9.75,7,2,1
44,7,2,1
17.7142857142857,7,2,1
30.2857142857143,7,2,1
4.57142857142857,7,2,1
10,7,2,1
18.8571428571429,7,2,1
3.4,7,2,1
34.2,7,2,1
20,7,2,1
4.4,7,2,1
18.3333333333333,7,2,1
16.3333333333333,7,2,1
16.6666666666667,7,2,1
6.4,7,2,1
12.2857142857143,7,2,1
14.2857142857143,7,2,1
1,7,2,1
1.5,7,2,1
10,7,2,1
26.5,7,2,1
0.4,7,2,1
4,7,2,1
6.8,7,2,1
0.6,7,2,1
12,7,2,1
3.6,7,2,1
2,7,2,1
4.5,7,2,1
7,7,2,1
11.25,7,2,1
8,7,2,1
22.2,7,2,1
5.25,7,2,1
4.25,7,2,1
14.6666666666667,7,2,1
11.5555555555556,7,2,1
0.222222222222222,7,2,1
27.5555555555556,7,2,1
9.71428571428571,8,2,1
10.75,8,2,1
11.5,8,2,1
63,8,2,1
8.5,8,2,1
45.5,8,2,1
12.5714285714286,8,2,1
49.4285714285714,8,2,1
7.42857142857143,8,2,1
8.85714285714286,8,2,1
23.7142857142857,8,2,1
7.4,8,2,1
36.6,8,2,1
21,8,2,1
9.6,8,2,1
18.6666666666667,8,2,1
10.6666666666667,8,2,1
13.3333333333333,8,2,1
4,8,2,1
7.14285714285714,8,2,1
11.1428571428571,8,2,1
6,8,2,1
6.75,8,2,1
12.25,8,2,1
32,8,2,1
0,8,2,1
2.2,8,2,1
9,8,2,1
1,8,2,1
12.8,8,2,1
7.8,8,2,1
3,8,2,1
2.25,8,2,1
9.25,8,2,1
18.75,8,2,1
8,8,2,1
27.2,8,2,1
2.25,8,2,1
10.25,8,2,1
20.2222222222222,8,2,1
12,8,2,1
3.55555555555556,8,2,1
37.3333333333333,8,2,1
15.75,1,2,2
17.5,1,2,2
27,1,2,2
18.5,1,2,2
6.5,1,2,2
32.25,1,2,2
26.4,1,2,2
27.2,1,2,2
6.4,1,2,2
16.6,1,2,2
23.7777777777778,1,2,2
16.8888888888889,1,2,2
13.5555555555556,1,2,2
7.77777777777778,1,2,2
14.5,1,2,2
21.25,1,2,2
14.75,1,2,2
7.5,1,2,2
48.2,1,2,2
49.2,1,2,2
27.2,1,2,2
14.2,1,2,2
7.8,1,2,2
6.90909090909091,1,2,2
11.4,1,2,2
6.88888888888889,1,2,2
57,1,2,2
8.6,1,2,2
122.75,1,2,2
10.4444444444444,1,2,2
10.5,1,2,2
7.5,1,2,2
11.5,1,2,2
38.4444444444444,1,2,2
53.5555555555556,1,2,2
6.66666666666667,1,2,2
56.6666666666667,1,2,2
62.4444444444444,1,2,2
19,1,2,2
8.25,1,2,2
10.75,1,2,2
6.88888888888889,1,2,2
18,1,2,2
14,1,2,2
24.4444444444444,1,2,2
25.5555555555556,1,2,2
8.75,2,2,2
9.25,2,2,2
22.5,2,2,2
7.77777777777778,2,2,2
1.77777777777778,2,2,2
16.6666666666667,2,2,2
17.8181818181818,2,2,2
23.8181818181818,2,2,2
3,2,2,2
10.2,2,2,2
15,2,2,2
9.5,2,2,2
6.75,2,2,2
5.75,2,2,2
10.25,2,2,2
11,2,2,2
4,2,2,2
3.75,2,2,2
44.9090909090909,2,2,2
43.8,2,2,2
23.2,2,2,2
11,2,2,2
5.2,2,2,2
5.2,2,2,2
9.6,2,2,2
4.66666666666667,2,2,2
46.2222222222222,2,2,2
7.2,2,2,2
121.777777777778,2,2,2
6.25,2,2,2
5.75,2,2,2
2.75,2,2,2
8.75,2,2,2
26,2,2,2
51.25,2,2,2
4.25,2,2,2
54.5,2,2,2
52.75,2,2,2
11.6,2,2,2
8,2,2,2
5.25,2,2,2
6,2,2,2
16,2,2,2
8.66666666666667,2,2,2
10,2,2,2
8.22222222222222,2,2,2
3,3,2,2
6,3,2,2
11,3,2,2
1.75,3,2,2
0,3,2,2
7,3,2,2
22.4,3,2,2
22.4,3,2,2
2.6,3,2,2
8.6,3,2,2
10.5,3,2,2
6.75,3,2,2
6.75,3,2,2
3.75,3,2,2
1.75,3,2,2
1.75,3,2,2
5.5,3,2,2
2,3,2,2
22.8,3,2,2
22.3636363636364,3,2,2
24,3,2,2
8.4,3,2,2
4.6,3,2,2
6,3,2,2
7.8,3,2,2
4.44444444444444,3,2,2
16.6666666666667,3,2,2
4.4,3,2,2
99.25,3,2,2
4.25,3,2,2
7.25,3,2,2
6,3,2,2
4.25,3,2,2
11,3,2,2
21,3,2,2
1.5,3,2,2
34.75,3,2,2
39,3,2,2
9,3,2,2
5,3,2,2
7,3,2,2
6.66666666666667,3,2,2
17.7777777777778,3,2,2
4.88888888888889,3,2,2
8.44444444444444,3,2,2
10.6666666666667,3,2,2
4.25,4,2,2
9,4,2,2
11,4,2,2
2.25,4,2,2
0.5,4,2,2
6.75,4,2,2
17.2,4,2,2
19.2,4,2,2
1.6,4,2,2
6.6,4,2,2
10.25,4,2,2
5.25,4,2,2
4.75,4,2,2
3.25,4,2,2
0.222222222222222,4,2,2
1.55555555555556,4,2,2
8.75,4,2,2
0.444444444444444,4,2,2
43.8,4,2,2
25.6,4,2,2
16.4,4,2,2
8.4,4,2,2
6.4,4,2,2
5.4,4,2,2
10.6,4,2,2
3.55555555555556,4,2,2
21.1111111111111,4,2,2
7.27272727272727,4,2,2
103.75,4,2,2
0.5,4,2,2
4.75,4,2,2
6.5,4,2,2
5.75,4,2,2
15.5,4,2,2
19.5,4,2,2
0.75,4,2,2
25,4,2,2
32.75,4,2,2
8.6,4,2,2
4.25,4,2,2
7.25,4,2,2
6,4,2,2
9.55555555555556,4,2,2
0.444444444444444,4,2,2
9.11111111111111,4,2,2
6.44444444444444,4,2,2
2.5,5,2,2
8.5,5,2,2
12.25,5,2,2
0.888888888888889,5,2,2
0,5,2,2
4.66666666666667,5,2,2
13.6,5,2,2
18.8,5,2,2
1.6,5,2,2
3.4,5,2,2
12,5,2,2
6.25,5,2,2
6,5,2,2
2.75,5,2,2
1.75,5,2,2
11.25,5,2,2
13.75,5,2,2
5.75,5,2,2
23.0909090909091,5,2,2
23.4,5,2,2
21.4,5,2,2
10.6,5,2,2
3.63636363636364,5,2,2
2.6,5,2,2
5.8,5,2,2
3.33333333333333,5,2,2
20.8888888888889,5,2,2
6.18181818181818,5,2,2
82.5,5,2,2
1.77777777777778,5,2,2
5.75,5,2,2
4.75,5,2,2
5.5,5,2,2
11.75,5,2,2
16.75,5,2,2
0.5,5,2,2
18.75,5,2,2
26.25,5,2,2
11.4,5,2,2
5.25,5,2,2
6,5,2,2
3.33333333333333,5,2,2
15.7777777777778,5,2,2
1.55555555555556,5,2,2
7.55555555555556,5,2,2
6.22222222222222,5,2,2
3.5,6,2,2
4.5,6,2,2
15.25,6,2,2
3.25,6,2,2
0,6,2,2
7.75,6,2,2
11.6,6,2,2
17.6,6,2,2
3.09090909090909,6,2,2
8.36363636363636,6,2,2
10.5,6,2,2
4,6,2,2
6.25,6,2,2
3.5,6,2,2
0.5,6,2,2
0.75,6,2,2
12.25,6,2,2
0.5,6,2,2
20.6,6,2,2
33.6,6,2,2
15.6363636363636,6,2,2
7.09090909090909,6,2,2
4.6,6,2,2
5,6,2,2
7.2,6,2,2
4.4,6,2,2
18.2222222222222,6,2,2
2.6,6,2,2
87.3333333333333,6,2,2
0,6,2,2
3.5,6,2,2
3,6,2,2
7,6,2,2
13,6,2,2
13.25,6,2,2
1,6,2,2
31.5,6,2,2
31,6,2,2
7.2,6,2,2
2.66666666666667,6,2,2
9,6,2,2
4,6,2,2
12.6666666666667,6,2,2
5.77777777777778,6,2,2
13.5555555555556,6,2,2
12.4444444444444,6,2,2
2.44444444444444,7,2,2
6.88888888888889,7,2,2
12.4444444444444,7,2,2
4.5,7,2,2
0.25,7,2,2
12.5,7,2,2
10.4,7,2,2
19.2,7,2,2
2.8,7,2,2
15.4,7,2,2
15.5,7,2,2
7.25,7,2,2
8.5,7,2,2
3,7,2,2
0.25,7,2,2
1,7,2,2
6.75,7,2,2
2,7,2,2
21.4,7,2,2
30.4,7,2,2
17,7,2,2
8.2,7,2,2
3,7,2,2
4.6,7,2,2
5.4,7,2,2
3.55555555555556,7,2,2
29.5555555555556,7,2,2
5,7,2,2
58.75,7,2,2
0.5,7,2,2
6.25,7,2,2
3.75,7,2,2
5,7,2,2
21,7,2,2
22.25,7,2,2
2.25,7,2,2
43.5,7,2,2
50.5,7,2,2
10.6,7,2,2
5.5,7,2,2
5.5,7,2,2
5.11111111111111,7,2,2
14.8888888888889,7,2,2
12.6666666666667,7,2,2
13.1111111111111,7,2,2
12.8888888888889,7,2,2
4.75,8,2,2
11.75,8,2,2
21.25,8,2,2
11.5,8,2,2
3,8,2,2
18.5,8,2,2
15.2,8,2,2
19.8,8,2,2
6,8,2,2
15.2,8,2,2
13.5,8,2,2
7.25,8,2,2
11,8,2,2
6.25,8,2,2
2,8,2,2
5.25,8,2,2
5.11111111111111,8,2,2
3.5,8,2,2
32,8,2,2
47.0909090909091,8,2,2
22,8,2,2
9.4,8,2,2
3.8,8,2,2
4.8,8,2,2
9.2,8,2,2
3.33333333333333,8,2,2
53.5555555555556,8,2,2
5.8,8,2,2
92.5,8,2,2
8,8,2,2
4.25,8,2,2
1.25,8,2,2
9.25,8,2,2
23,8,2,2
34.75,8,2,2
3.75,8,2,2
48.75,8,2,2
56,8,2,2
12.6,8,2,2
3.75,8,2,2
4.44444444444444,8,2,2
3.55555555555556,8,2,2
15.5555555555556,8,2,2
12.4444444444444,8,2,2
22.8888888888889,8,2,2
15.7777777777778,8,2,2
7.75,1,3,1
16.5,1,3,1
34.25,1,3,1
26.5,1,3,1
18.8,1,3,1
38.6,1,3,1
43.2,1,3,1
28.4,1,3,1
15.6,1,3,1
43.2,1,3,1
21.2,1,3,1
42.8,1,3,1
10,1,3,1
27.4,1,3,1
13.6,1,3,1
13.6,1,3,1
17.4,1,3,1
30.5714285714286,1,3,1
6.8,1,3,1
9.71428571428571,1,3,1
20,1,3,1
33.1428571428571,1,3,1
12.25,1,3,1
10.75,1,3,1
32,1,3,1
58,1,3,1
11.5,1,3,1
38.25,1,3,1
24.25,1,3,1
7,1,3,1
11.4,1,3,1
11.6,1,3,1
8,1,3,1
13.4285714285714,1,3,1
3.14285714285714,1,3,1
26.6,1,3,1
17.8,1,3,1
5,1,3,1
5,1,3,1
9.2,1,3,1
19.4,1,3,1
7,1,3,1
12.6,1,3,1
16,1,3,1
28.6,1,3,1
12,1,3,1
49.2,1,3,1
32,1,3,1
26.8,1,3,1
2.5,2,3,1
8.75,2,3,1
23.5,2,3,1
19,2,3,1
15.6,2,3,1
29.6,2,3,1
21.2,2,3,1
14.4,2,3,1
10,2,3,1
21.2,2,3,1
6.4,2,3,1
29.6,2,3,1
6,2,3,1
21.2,2,3,1
12,2,3,1
8.6,2,3,1
7.4,2,3,1
25.7142857142857,2,3,1
3.6,2,3,1
2,2,3,1
10,2,3,1
20.5714285714286,2,3,1
11,2,3,1
4.75,2,3,1
21.75,2,3,1
51.75,2,3,1
10.75,2,3,1
20.5,2,3,1
13.25,2,3,1
3.5,2,3,1
6,2,3,1
1.2,2,3,1
2.85714285714286,2,3,1
12.5714285714286,2,3,1
0.571428571428571,2,3,1
20.8,2,3,1
12.8,2,3,1
1.8,2,3,1
2,2,3,1
3.8,2,3,1
16.4,2,3,1
0.2,2,3,1
11,2,3,1
11.2,2,3,1
28.4,2,3,1
0.6,2,3,1
11.2,2,3,1
12.4,2,3,1
16,2,3,1
3.25,3,3,1
10.5,3,3,1
16.5,3,3,1
14.75,3,3,1
5,3,3,1
16.2,3,3,1
5.2,3,3,1
5.6,3,3,1
4.4,3,3,1
5.2,3,3,1
0.4,3,3,1
12.8,3,3,1
0.4,3,3,1
15,3,3,1
5.8,3,3,1
9,3,3,1
2.6,3,3,1
25.1428571428571,3,3,1
3.2,3,3,1
6.57142857142857,3,3,1
8.28571428571429,3,3,1
22.8571428571429,3,3,1
9,3,3,1
6.75,3,3,1
16.75,3,3,1
53.25,3,3,1
6.75,3,3,1
17.75,3,3,1
8,3,3,1
3,3,3,1
10.2,3,3,1
1.6,3,3,1
2.57142857142857,3,3,1
8.57142857142857,3,3,1
0.571428571428571,3,3,1
9.8,3,3,1
8.4,3,3,1
1.4,3,3,1
1.8,3,3,1
7.8,3,3,1
13.2,3,3,1
1,3,3,1
1.2,3,3,1
5.8,3,3,1
14,3,3,1
1.2,3,3,1
17.2,3,3,1
18,3,3,1
18,3,3,1
0.25,4,3,1
1,4,3,1
10.25,4,3,1
22,4,3,1
8.8,4,3,1
19,4,3,1
2.8,4,3,1
12,4,3,1
2.8,4,3,1
2.8,4,3,1
2,4,3,1
15.6,4,3,1
0.4,4,3,1
19.4,4,3,1
7.2,4,3,1
5.4,4,3,1
0.8,4,3,1
23.4285714285714,4,3,1
2.8,4,3,1
4.57142857142857,4,3,1
10,4,3,1
21.4285714285714,4,3,1
4.75,4,3,1
6.5,4,3,1
17.5,4,3,1
37,4,3,1
5,4,3,1
22.5,4,3,1
12,4,3,1
2,4,3,1
9.4,4,3,1
1.4,4,3,1
2.57142857142857,4,3,1
5.42857142857143,4,3,1
0.857142857142857,4,3,1
13.4,4,3,1
10.8,4,3,1
0.6,4,3,1
2.8,4,3,1
4.6,4,3,1
9.6,4,3,1
0.2,4,3,1
1.8,4,3,1
3.6,4,3,1
9.4,4,3,1
0.6,4,3,1
14.8,4,3,1
17.2,4,3,1
13.2,4,3,1
1,5,3,1
3.5,5,3,1
12.75,5,3,1
11,5,3,1
10.8,5,3,1
22,5,3,1
6,5,3,1
11.2,5,3,1
6.8,5,3,1
6,5,3,1
0.8,5,3,1
18,5,3,1
0,5,3,1
13.2,5,3,1
5.2,5,3,1
9,5,3,1
1,5,3,1
21.1428571428571,5,3,1
4,5,3,1
7.71428571428571,5,3,1
10,5,3,1
18,5,3,1
3.75,5,3,1
5.75,5,3,1
20.25,5,3,1
53.75,5,3,1
7.5,5,3,1
22,5,3,1
12.75,5,3,1
3.25,5,3,1
9,5,3,1
5.4,5,3,1
1.42857142857143,5,3,1
7.42857142857143,5,3,1
0.571428571428571,5,3,1
13.4,5,3,1
11.6,5,3,1
0.8,5,3,1
1.4,5,3,1
4.2,5,3,1
12.2,5,3,1
0.4,5,3,1
2.4,5,3,1
4,5,3,1
8,5,3,1
0.4,5,3,1
12,5,3,1
17.2,5,3,1
13.6,5,3,1
0,6,3,1
1,6,3,1
4.25,6,3,1
6.5,6,3,1
7,6,3,1
19.8,6,3,1
4.8,6,3,1
4.4,6,3,1
4,6,3,1
4.8,6,3,1
1.6,6,3,1
12.4,6,3,1
0,6,3,1
12.4,6,3,1
3.4,6,3,1
7.4,6,3,1
1,6,3,1
21.7142857142857,6,3,1
3,6,3,1
3.14285714285714,6,3,1
9.71428571428571,6,3,1
18,6,3,1
3.5,6,3,1
7,6,3,1
19.25,6,3,1
47.25,6,3,1
4.75,6,3,1
19.5,6,3,1
12.5,6,3,1
2.75,6,3,1
7.6,6,3,1
1.8,6,3,1
6,6,3,1
10.2857142857143,6,3,1
0.571428571428571,6,3,1
13.6,6,3,1
14.4,6,3,1
1,6,3,1
0.8,6,3,1
2.8,6,3,1
11.8,6,3,1
0.4,6,3,1
2.6,6,3,1
3.8,6,3,1
9.8,6,3,1
0.8,6,3,1
14,6,3,1
10.8,6,3,1
8.4,6,3,1
0.5,7,3,1
3,7,3,1
6.5,7,3,1
8.5,7,3,1
8.6,7,3,1
20.4,7,3,1
4.8,7,3,1
8,7,3,1
5.6,7,3,1
4.8,7,3,1
0.8,7,3,1
14.4,7,3,1
0.8,7,3,1
14,7,3,1
3.4,7,3,1
3.2,7,3,1
0.6,7,3,1
26.2857142857143,7,3,1
5.2,7,3,1
4,7,3,1
10,7,3,1
25.4285714285714,7,3,1
5,7,3,1
4.5,7,3,1
19.25,7,3,1
49.25,7,3,1
6.5,7,3,1
19.25,7,3,1
12.5,7,3,1
1,7,3,1
4.2,7,3,1
3.2,7,3,1
4.28571428571429,7,3,1
7.42857142857143,7,3,1
0.857142857142857,7,3,1
7.8,7,3,1
12.8,7,3,1
2.8,7,3,1
3.4,7,3,1
6.2,7,3,1
15,7,3,1
0.8,7,3,1
1.8,7,3,1
3.8,7,3,1
10.4,7,3,1
1.2,7,3,1
6.4,7,3,1
21.2,7,3,1
12.4,7,3,1
3.25,8,3,1
6.25,8,3,1
12.25,8,3,1
12.25,8,3,1
8,8,3,1
19.4,8,3,1
8,8,3,1
15.2,8,3,1
9.2,8,3,1
8,8,3,1
3.2,8,3,1
16,8,3,1
2.4,8,3,1
22.8,8,3,1
10.8,8,3,1
3.2,8,3,1
7,8,3,1
23.7142857142857,8,3,1
5.2,8,3,1
6.28571428571429,8,3,1
14.8571428571429,8,3,1
23.4285714285714,8,3,1
6.25,8,3,1
6.5,8,3,1
29.75,8,3,1
52,8,3,1
6.5,8,3,1
25.25,8,3,1
15.25,8,3,1
4,8,3,1
4.2,8,3,1
5.2,8,3,1
2.85714285714286,8,3,1
9.14285714285714,8,3,1
0.857142857142857,8,3,1
7.6,8,3,1
17.2,8,3,1
2.8,8,3,1
4.4,8,3,1
7.4,8,3,1
17.8,8,3,1
3.4,8,3,1
4,8,3,1
5.8,8,3,1
12.4,8,3,1
7.4,8,3,1
24.8,8,3,1
24,8,3,1
24,8,3,1
13,1,3,2
21.6666666666667,1,3,2
10.8571428571429,1,3,2
6.75,1,3,2
26.25,1,3,2
4.5,1,3,2
15.8,1,3,2
12.4,1,3,2
13.4,1,3,2
7.09090909090909,1,3,2
18.9090909090909,1,3,2
34.1818181818182,1,3,2
41.2,1,3,2
37,1,3,2
4.8,1,3,2
18,1,3,2
7.33333333333333,1,3,2
33.5555555555556,1,3,2
8,1,3,2
19.5,1,3,2
12.25,1,3,2
59.75,1,3,2
23.6,1,3,2
41.75,1,3,2
31.75,1,3,2
9.66666666666667,2,3,2
15.6666666666667,2,3,2
4.85714285714286,2,3,2
1.75,2,3,2
9,2,3,2
0,2,3,2
8.2,2,3,2
9.8,2,3,2
9.8,2,3,2
5.6,2,3,2
13,2,3,2
25.4,2,3,2
17.8,2,3,2
32.2,2,3,2
2.4,2,3,2
13.6,2,3,2
7.25,2,3,2
31,2,3,2
1.75,2,3,2
17.75,2,3,2
8,2,3,2
58,2,3,2
23.6,2,3,2
37.5,2,3,2
20.75,2,3,2
11,3,3,2
16,3,3,2
4.28571428571429,3,3,2
1.11111111111111,3,3,2
3.11111111111111,3,3,2
0.222222222222222,3,3,2
8.4,3,3,2
5.4,3,3,2
6.4,3,3,2
2,3,3,2
8.8,3,3,2
12.4,3,3,2
15.2,3,3,2
25,3,3,2
2.6,3,3,2
7.2,3,3,2
4.5,3,3,2
12.75,3,3,2
2,3,3,2
6.5,3,3,2
7.5,3,3,2
56.25,3,3,2
6.2,3,3,2
15.75,3,3,2
15.75,3,3,2
7.33333333333333,4,3,2
15.3333333333333,4,3,2
9.71428571428571,4,3,2
0.5,4,3,2
1,4,3,2
0,4,3,2
9.6,4,3,2
6,4,3,2
6.4,4,3,2
1.6,4,3,2
7.2,4,3,2
15.2,4,3,2
25.0909090909091,4,3,2
30,4,3,2
1.2,4,3,2
6.6,4,3,2
4.25,4,3,2
20.25,4,3,2
1.25,4,3,2
8.25,4,3,2
5.75,4,3,2
52,4,3,2
9.4,4,3,2
28.25,4,3,2
15.5,4,3,2
7.66666666666667,5,3,2
18.6666666666667,5,3,2
6.85714285714286,5,3,2
0,5,3,2
3,5,3,2
0.5,5,3,2
8.8,5,3,2
5.2,5,3,2
7.4,5,3,2
0.8,5,3,2
12.2,5,3,2
16,5,3,2
29,5,3,2
13,5,3,2
1.09090909090909,5,3,2
6.2,5,3,2
2.75,5,3,2
18.5,5,3,2
2.5,5,3,2
9.25,5,3,2
8.5,5,3,2
46,5,3,2
9.4,5,3,2
26.5,5,3,2
17,5,3,2
7.66666666666667,6,3,2
17.6666666666667,6,3,2
6,6,3,2
3,6,3,2
2.75,6,3,2
0.25,6,3,2
10,6,3,2
8.6,6,3,2
6.2,6,3,2
1.6,6,3,2
16.6,6,3,2
19.8,6,3,2
20.4,6,3,2
16.9090909090909,6,3,2
0.6,6,3,2
10.8,6,3,2
4.25,6,3,2
26.75,6,3,2
1.25,6,3,2
11.75,6,3,2
7,6,3,2
49.5555555555556,6,3,2
4.4,6,3,2
34.5,6,3,2
16.5,6,3,2
10.6666666666667,7,3,2
20.6666666666667,7,3,2
6.57142857142857,7,3,2
0.5,7,3,2
3,7,3,2
0.5,7,3,2
15.4,7,3,2
9.4,7,3,2
8,7,3,2
6.2,7,3,2
13.6,7,3,2
20.8,7,3,2
25.0909090909091,7,3,2
17.8,7,3,2
2.4,7,3,2
13.6,7,3,2
2.75,7,3,2
29,7,3,2
3,7,3,2
8.5,7,3,2
4.75,7,3,2
40.25,7,3,2
13.2,7,3,2
31,7,3,2
19.5,7,3,2
12.6666666666667,8,3,2
17.6666666666667,8,3,2
7.14285714285714,8,3,2
3.33333333333333,8,3,2
13.5555555555556,8,3,2
1.77777777777778,8,3,2
14,8,3,2
7,8,3,2
12.6,8,3,2
3.2,8,3,2
15.4,8,3,2
25.8,8,3,2
27,8,3,2
24.4,8,3,2
4.6,8,3,2
16,8,3,2
5,8,3,2
21,8,3,2
7,8,3,2
13,8,3,2
11.25,8,3,2
52.75,8,3,2
12.2,8,3,2
20,8,3,2
18,8,3,2
